date,entry
2024-01-10,"Nothing special happened today. Just lectures, coffee, and a bit of coding."
2024-01-11,Started working on the AI Chatbot project with Jordan. Due by 2024-01-20.
2024-01-12,"Nothing special happened today. Just lectures, coffee, and a bit of coding."
2024-01-13,Started working on the Environmental Study project with Chris. Due by 2024-01-31.
2024-01-14,"Nothing special happened today. Just lectures, coffee, and a bit of coding."
2024-01-15,"Nothing special happened today. Just lectures, coffee, and a bit of coding."
2024-01-16,Started working on the AI Chatbot project with Sam. Due by 2024-02-06.
2024-01-17,Got History homework today. Deadline is 2024-01-19. Better not procrastinate!
2024-01-18,"Nothing special happened today. Just lectures, coffee, and a bit of coding."
2024-01-19,"Nothing special happened today. Just lectures, coffee, and a bit of coding."
2024-01-20,Got Math homework today. Deadline is 2024-01-22. Better not procrastinate!
2024-01-21,Had a long walk and deep talk with Jamie today. Maybe there's something more there?
2024-01-22,"Nothing special happened today. Just lectures, coffee, and a bit of coding."
2024-01-23,"Nothing special happened today. Just lectures, coffee, and a bit of coding."
2024-01-24,Got Physics homework today. Deadline is 2024-01-26. Better not procrastinate!
2024-01-25,"Nothing special happened today. Just lectures, coffee, and a bit of coding."
2024-01-26,Started working on the AI Chatbot project with Chris. Due by 2024-02-14.
2024-01-27,Crazy night at Jordan's apartment with the crew. Definitely not ready for 8AM class tomorrow...
2024-01-28,7 days until the Math exam on 2024-02-04. Gotta hit the books.
2024-01-29,Got English Lit homework today. Deadline is 2024-02-02. Better not procrastinate!
2024-01-30,Had a long walk and deep talk with Jamie today. Maybe there's something more there?
2024-01-31,Had a long walk and deep talk with Taylor today. Maybe there's something more there?
2024-02-01,Started working on the App Development project with Chris. Due by 2024-02-19.
2024-02-02,Got Comp Sci homework today. Deadline is 2024-02-04. Better not procrastinate!
2024-02-03,"Nothing special happened today. Just lectures, coffee, and a bit of coding."
2024-02-04,Started working on the History Paper project with Morgan. Due by 2024-02-20.
2024-02-05,Called Brother today. Miss home more than I thought I would.
2024-02-06,Got English Lit homework today. Deadline is 2024-02-10. Better not procrastinate!
2024-02-07,"Nothing special happened today. Just lectures, coffee, and a bit of coding."
2024-02-08,Crazy night at campus bar with the crew. Definitely not ready for 8AM class tomorrow...
2024-02-09,Crazy night at dorm rooftop with the crew. Definitely not ready for 8AM class tomorrow...
2024-02-10,"Group assignment for Biology. Teaming up with Alex, Jamie, Sam. Meeting later to split the work."
2024-02-11,Called Brother today. Miss home more than I thought I would.
2024-02-12,Crazy night at Jordan's apartment with the crew. Definitely not ready for 8AM class tomorrow...
2024-02-13,"Group assignment for History. Teaming up with Chris, Jamie, Morgan. Meeting later to split the work."
2024-02-14,"Group assignment for Comp Sci. Teaming up with Alex, Taylor, Sam. Meeting later to split the work."
2024-02-15,Started working on the Robotics Demo project with Alex. Due by 2024-02-23.
2024-02-16,"Group assignment for Physics. Teaming up with Jordan, Sam, Morgan. Meeting later to split the work."
2024-02-17,9 days until the Math exam on 2024-02-26. Gotta hit the books.
2024-02-18,8 days until the Math exam on 2024-02-26. Gotta hit the books.
2024-02-19,Got History homework today. Deadline is 2024-02-20. Better not procrastinate!
2024-02-20,Got Comp Sci homework today. Deadline is 2024-02-25. Better not procrastinate!
2024-02-21,"Nothing special happened today. Just lectures, coffee, and a bit of coding."
2024-02-22,"Nothing special happened today. Just lectures, coffee, and a bit of coding."
2024-02-23,"Nothing special happened today. Just lectures, coffee, and a bit of coding."
2024-02-24,Got Chemistry homework today. Deadline is 2024-02-26. Better not procrastinate!
2024-02-25,"Nothing special happened today. Just lectures, coffee, and a bit of coding."
2024-02-26,Called Mom today. Miss home more than I thought I would.
2024-02-27,Got Chemistry homework today. Deadline is 2024-02-29. Better not procrastinate!
2024-02-28,Started working on the History Paper project with Chris. Due by 2024-03-06.
2024-02-29,Crazy night at Alex's place with the crew. Definitely not ready for 8AM class tomorrow...
2024-03-01,Had a long walk and deep talk with Sam today. Maybe there's something more there?
2024-03-02,Got History homework today. Deadline is 2024-03-04. Better not procrastinate!
2024-03-03,"Nothing special happened today. Just lectures, coffee, and a bit of coding."
2024-03-04,Got Math homework today. Deadline is 2024-03-05. Better not procrastinate!
2024-03-05,Crazy night at dorm rooftop with the crew. Definitely not ready for 8AM class tomorrow...
2024-03-06,Had a long walk and deep talk with Chris today. Maybe there's something more there?
2024-03-07,11 days until the Comp Sci exam on 2024-03-18. Gotta hit the books.
2024-03-08,"Group assignment for Comp Sci. Teaming up with Alex, Sam, Chris. Meeting later to split the work."
2024-03-09,Got Physics homework today. Deadline is 2024-03-14. Better not procrastinate!
2024-03-10,Got Biology homework today. Deadline is 2024-03-11. Better not procrastinate!
2024-03-11,"Nothing special happened today. Just lectures, coffee, and a bit of coding."
2024-03-12,"Group assignment for Biology. Teaming up with Chris, Morgan, Alex. Meeting later to split the work."
2024-03-13,Called Dad today. Miss home more than I thought I would.
2024-03-14,Got English Lit homework today. Deadline is 2024-03-16. Better not procrastinate!
2024-03-15,Got Comp Sci homework today. Deadline is 2024-03-16. Better not procrastinate!
2024-03-16,Crazy night at Jordan's apartment with the crew. Definitely not ready for 8AM class tomorrow...
2024-03-17,"Nothing special happened today. Just lectures, coffee, and a bit of coding."
2024-03-18,"Nothing special happened today. Just lectures, coffee, and a bit of coding."
2024-03-19,Crazy night at Alex's place with the crew. Definitely not ready for 8AM class tomorrow...
2024-03-20,"Nothing special happened today. Just lectures, coffee, and a bit of coding."
2024-03-21,"Nothing special happened today. Just lectures, coffee, and a bit of coding."
2024-03-22,Started working on the App Development project with Sam. Due by 2024-04-02.
2024-03-23,3 days until the Biology exam on 2024-03-26. Gotta hit the books.
2024-03-24,Got Math homework today. Deadline is 2024-03-25. Better not procrastinate!
2024-03-25,"Nothing special happened today. Just lectures, coffee, and a bit of coding."
2024-03-26,"Nothing special happened today. Just lectures, coffee, and a bit of coding."
2024-03-27,"Nothing special happened today. Just lectures, coffee, and a bit of coding."
2024-03-28,"Nothing special happened today. Just lectures, coffee, and a bit of coding."
2024-03-29,"Group assignment for English Lit. Teaming up with Morgan, Chris, Jamie. Meeting later to split the work."
2024-03-30,Crazy night at dorm rooftop with the crew. Definitely not ready for 8AM class tomorrow...
2024-03-31,Had a long walk and deep talk with Alex today. Maybe there's something more there?
2024-04-01,"Nothing special happened today. Just lectures, coffee, and a bit of coding."
2024-04-02,2 days until the Math exam on 2024-04-04. Gotta hit the books.
2024-04-03,Crazy night at campus bar with the crew. Definitely not ready for 8AM class tomorrow...
2024-04-04,Started working on the AI Chatbot project with Alex. Due by 2024-04-24.
2024-04-05,"Nothing special happened today. Just lectures, coffee, and a bit of coding."
2024-04-06,Crazy night at dorm rooftop with the crew. Definitely not ready for 8AM class tomorrow...
2024-04-07,4 days until the Comp Sci exam on 2024-04-11. Gotta hit the books.
2024-04-08,"Nothing special happened today. Just lectures, coffee, and a bit of coding."
2024-04-09,Called Grandma today. Miss home more than I thought I would.
2024-04-10,Started working on the Environmental Study project with Sam. Due by 2024-04-29.
2024-04-11,Got Chemistry homework today. Deadline is 2024-04-15. Better not procrastinate!
2024-04-12,Got Comp Sci homework today. Deadline is 2024-04-15. Better not procrastinate!
2024-04-13,Crazy night at campus bar with the crew. Definitely not ready for 8AM class tomorrow...
2024-04-14,"Nothing special happened today. Just lectures, coffee, and a bit of coding."
2024-04-15,Crazy night at Alex's place with the crew. Definitely not ready for 8AM class tomorrow...
2024-04-16,Had a long walk and deep talk with Jordan today. Maybe there's something more there?
2024-04-17,Crazy night at Jordan's apartment with the crew. Definitely not ready for 8AM class tomorrow...
2024-04-18,Had a long walk and deep talk with Chris today. Maybe there's something more there?
2024-04-19,"Nothing special happened today. Just lectures, coffee, and a bit of coding."
